index,producer->batch_size,producer->linger_ms,broker->num.network.threads,broker->num.io.threads,broker->queued.max.requests,broker->num.partitions,broker->num.replica.fetchers,consumer->fetch_wait_max_ms,consumer->fetch_min_bytes,consumer->batch_interval,topic->partitions
0,106849,93,9,10,2447,8,6,551,93162,3,14
1,163533,22,8,16,3920,1,2,127,190437,8,9
2,136265,0,1,3,4870,2,9,289,67788,8,8
3,144727,32,7,13,113,2,9,298,11219,4,5
4,44801,12,19,11,4920,3,1,130,218544,8,4
5,69016,45,13,11,3549,1,5,81,140328,9,14
6,101109,91,2,14,3158,7,8,334,203947,7,12
7,243088,58,12,12,4675,3,6,230,133945,6,5
8,86574,80,9,12,2403,4,6,451,21499,7,5
9,238055,76,21,14,4010,8,7,738,56459,1,9
10,24597,40,10,21,1328,2,7,733,39714,3,9
11,109459,49,19,8,249,5,5,535,83645,7,4
12,73895,76,6,17,505,2,7,406,223431,4,13
13,189080,18,9,21,4464,1,9,113,249621,5,7
14,106484,90,10,22,518,7,1,336,52485,1,6
15,156766,0,13,2,3682,5,4,991,116112,5,3
16,19406,84,11,4,1497,9,2,189,207779,7,4
17,50628,5,12,7,4683,3,3,151,27807,6,9
18,223911,43,19,18,3973,3,7,560,47989,1,3
19,184039,46,17,1,1976,1,6,574,212607,9,6
20,218967,53,4,13,3339,3,4,942,217601,8,7
21,46576,42,4,2,327,7,1,976,163298,6,9
22,236742,82,20,3,4389,5,2,10,8723,7,7
23,238858,60,11,22,1985,8,9,99,179557,1,3
24,210533,12,6,20,1169,3,2,14,246219,6,14
25,103046,83,13,8,3995,9,1,699,60153,6,9
26,116499,74,22,8,1396,6,6,273,99496,4,4
27,185461,65,23,2,1967,2,9,911,207522,3,11
28,240385,82,3,7,3440,4,5,411,250501,7,6
29,196645,84,16,18,4812,1,5,696,203086,7,14
30,113363,26,18,17,4206,8,9,782,135405,2,13
31,149766,34,16,11,4217,4,7,934,208693,5,4
32,252272,83,22,21,753,8,3,320,145635,6,10
33,136700,52,22,14,4020,5,6,710,219300,3,5
34,65706,33,8,1,4400,7,2,829,259083,9,6
35,147074,29,9,15,3559,1,8,300,89158,9,12
36,177283,6,4,21,1485,8,6,947,224241,6,13
37,139860,24,23,9,1701,5,8,358,54252,8,10
38,261899,39,4,9,3740,9,6,634,200578,6,14
39,92722,53,19,17,1731,2,7,813,154355,8,11
40,172261,90,10,1,3490,8,4,547,238583,8,12
41,226677,48,14,9,539,5,2,209,180387,2,10
42,251117,50,14,21,3872,4,8,586,235133,5,10
43,45374,23,21,2,588,3,1,593,81360,2,5
44,35312,64,17,4,3901,6,7,112,127336,7,13
45,18233,47,6,14,321,1,4,312,135026,2,4
46,98310,31,13,10,867,7,6,110,120480,5,14
47,115364,85,20,9,4140,9,9,540,9207,2,6
48,48296,72,10,1,3384,6,2,365,211370,6,4
49,202491,49,6,13,2195,4,5,752,124181,5,9
50,240593,46,5,21,3615,5,4,703,76832,4,8
51,204921,13,18,10,2655,6,2,429,66379,4,7
52,245907,38,14,16,805,4,6,76,35419,9,7
53,121426,22,13,11,2712,3,1,569,151754,1,6
54,112967,85,3,1,1159,1,9,473,197428,3,8
55,129063,59,18,16,2474,1,3,936,156440,5,14
56,48547,23,19,6,3072,2,6,438,7826,4,8
57,46868,9,22,17,1529,7,4,510,118173,1,8
58,30684,53,21,5,3824,6,5,808,37288,2,7
59,172640,84,11,21,4545,1,5,123,191301,2,6
60,228348,56,18,6,4228,8,2,308,13421,8,9
61,79333,30,19,7,2483,7,8,550,176569,9,12
62,39404,85,14,17,2732,5,5,566,61038,1,4
63,163775,44,17,8,2627,1,5,638,144879,5,4
64,241150,90,6,22,964,4,8,654,58617,2,11
65,93994,53,5,23,4245,5,5,89,139789,8,7
66,172997,21,11,11,3097,1,8,539,135989,3,5
67,39639,89,8,21,4029,7,8,727,117669,3,8
68,242705,80,17,5,3426,3,3,636,118732,2,3
69,55334,21,6,12,2943,8,4,2,81536,5,13
70,71281,15,18,6,1465,7,3,394,94140,6,6
71,43611,72,5,13,856,6,7,66,222629,7,12
72,201184,53,20,13,4529,3,3,88,135665,4,7
73,120665,26,14,7,4299,5,8,556,254967,5,12
74,169568,17,23,6,4737,9,6,768,10499,9,10
75,95705,11,6,17,3496,1,9,815,223344,6,9
76,51032,71,23,18,1613,8,8,626,31704,8,10
77,254681,99,12,9,1316,3,3,343,240499,4,8
78,68149,19,3,22,785,3,9,462,145903,9,11
79,23426,58,17,5,1941,9,7,279,62682,9,12
80,103154,92,19,3,1418,3,6,135,97252,2,6
81,201978,91,7,18,3245,9,6,330,64855,6,10
82,256936,27,19,1,793,9,5,526,174314,7,14
83,207354,15,23,1,2278,8,2,737,109699,3,8
84,120140,47,19,19,3521,2,1,979,91293,6,13
85,29876,9,2,22,983,8,2,939,25151,7,6
86,97953,22,17,4,4954,1,8,457,206550,6,7
87,76860,63,12,2,2507,2,9,531,86651,8,10
88,248350,73,7,18,3377,6,1,660,137723,4,5
89,180007,96,18,20,4091,7,9,651,202011,6,8
90,138728,59,10,5,3529,8,1,359,126847,2,10
91,156363,26,1,23,3566,8,2,105,125543,1,13
92,213706,30,18,21,831,4,2,323,43690,4,6
93,59781,13,12,19,3087,3,2,355,24156,1,3
94,99242,55,8,15,4979,7,9,191,17774,5,3
95,49181,89,9,13,1831,5,4,887,235327,4,12
96,180549,3,20,7,4105,4,8,788,112757,1,7
97,252411,1,20,17,2380,4,2,389,153165,2,11
98,16749,77,2,20,1868,9,4,418,31998,5,13
99,149272,67,17,17,3573,8,5,239,184844,1,7
100,207938,76,11,20,366,8,7,109,165433,1,10
101,122295,54,10,15,2044,5,3,698,125711,3,7
102,150069,79,6,10,1996,8,3,261,92234,4,10
103,160118,33,4,6,2754,7,3,864,113265,3,5
104,243474,59,15,5,3288,8,9,369,116178,2,13
105,41776,24,14,23,4310,7,1,295,228421,2,3
106,219193,25,22,1,1334,5,5,791,190999,7,11
107,232074,54,12,22,4965,7,5,5,65569,4,12
108,175601,63,14,6,2178,8,1,397,112410,4,13
109,71526,6,19,12,3770,1,8,602,231626,8,4
110,72136,14,19,1,2738,9,5,820,17383,3,11
111,127308,30,15,3,1879,9,8,347,253694,6,5
112,161020,54,15,15,3668,1,8,834,181950,3,9
113,134966,61,1,23,2033,3,3,822,78812,9,7
114,21358,43,20,14,2917,6,1,419,36090,4,10
115,29353,51,19,6,3314,2,9,47,220712,6,5
116,134431,7,12,8,4249,5,6,944,98145,3,3
117,250527,59,16,17,2679,3,5,309,228830,8,7
118,171874,48,11,23,174,5,4,713,180241,4,10
119,211619,32,2,3,1997,3,2,9,181411,9,3
120,87125,96,11,7,4068,7,9,252,143295,5,9
121,216786,40,9,8,2345,7,4,502,159108,4,10
122,185003,77,12,5,131,5,4,852,58991,1,10
123,253606,51,7,12,4098,9,2,351,160017,2,6
124,75557,54,20,4,237,6,6,256,96905,1,11
125,56439,27,7,4,2182,5,9,234,203309,2,3
126,52268,23,3,6,554,4,1,617,95357,3,9
127,242279,11,1,14,2760,6,6,644,11620,3,14
128,191159,82,17,20,3274,5,9,103,211720,9,6
129,221920,58,9,18,3075,4,2,905,88372,5,5
130,251801,31,9,3,1175,3,8,952,144979,6,14
131,79210,78,1,14,450,1,1,164,70683,2,6
132,176821,63,9,9,4072,1,9,148,91656,2,4
133,130433,41,23,17,1271,3,5,353,67471,8,3
134,214145,63,8,3,3843,5,4,597,212432,1,12
135,235169,28,5,6,4553,1,7,741,218728,1,13
136,17246,60,7,14,1573,1,7,33,18612,5,3
137,174026,77,5,9,2632,1,3,878,131743,8,9
138,260416,65,13,3,4521,3,1,0,206830,6,10
139,28597,81,20,9,633,9,8,938,90634,9,7
140,129873,38,20,12,1145,1,1,211,108670,4,4
141,85823,72,6,12,4611,4,6,620,55642,2,4
142,27005,85,17,8,2530,1,9,925,186225,6,3
143,67265,21,14,21,2061,6,1,546,16415,8,9
144,62091,77,2,11,560,1,2,277,160301,4,11
145,127998,97,5,20,1670,3,1,129,245681,2,14
146,199334,2,2,6,1138,5,4,381,227721,7,6
147,20717,71,2,10,3108,9,2,366,255447,9,10
148,260117,57,15,9,4540,8,3,851,194777,9,7
149,33230,97,9,19,1818,2,9,449,97581,6,3
150,89953,56,10,3,234,2,9,138,124652,2,10
151,174234,10,16,5,303,4,8,185,163849,5,5
152,151657,38,14,6,4676,2,3,937,6801,1,10
153,109046,36,17,3,3836,3,5,946,139557,1,3
154,129231,73,22,8,2771,6,3,686,258627,5,4
155,241617,0,13,16,3460,3,9,102,33119,4,7
156,77608,42,21,18,2605,2,3,766,38731,6,13
157,180985,79,1,19,4699,8,4,426,61228,7,3
158,145383,51,12,14,3139,1,8,743,88276,9,5
159,182900,42,17,5,3913,5,3,275,120274,1,12
160,145825,83,23,8,3787,7,7,131,134054,9,4
161,88471,77,16,23,279,4,4,485,167065,1,6
162,173824,13,10,8,471,8,4,188,132783,5,3
163,39893,36,19,22,727,6,1,874,63362,4,5
164,216029,56,11,23,3793,2,9,907,130344,4,12
165,132936,98,7,11,3150,6,3,324,210293,2,3
166,178750,15,21,2,616,5,9,420,103986,8,10
167,233165,99,5,16,523,7,8,466,52086,4,14
168,141781,62,5,10,877,6,1,821,5154,3,8
169,166090,52,18,17,2235,4,1,410,215366,3,12
170,39149,15,22,20,3187,7,2,823,239848,2,11
171,36723,6,21,20,3532,6,1,924,219075,5,11
172,83450,99,9,8,1540,8,2,254,9114,8,7
173,155101,37,1,12,3495,4,8,165,19408,8,6
174,224690,33,7,18,992,6,7,742,159534,7,11
175,36195,15,16,13,4916,7,8,464,1421,3,11
176,234583,14,8,14,4973,8,5,803,217859,9,4
177,151143,38,12,3,2206,9,7,203,115646,9,10
178,168203,21,23,3,4223,4,7,475,220223,2,13
179,220411,3,2,9,3948,7,2,653,71379,1,8
180,58878,19,7,3,135,3,9,627,60301,5,14
181,107152,27,10,10,1957,5,6,896,232325,3,10
182,230477,59,8,21,680,3,3,537,115400,2,3
183,63933,61,17,11,1102,4,8,319,162977,1,4
184,120987,66,23,4,2373,2,8,652,56750,5,11
185,212028,85,8,22,1678,7,3,467,171900,7,3
186,91693,2,21,4,1242,6,7,759,119982,5,3
187,32090,62,21,12,2609,1,2,536,259422,3,14
188,32543,58,19,4,3910,7,9,528,138082,2,6
189,215810,34,14,12,4601,7,8,740,75607,6,14
190,182420,17,22,10,4301,3,5,585,127834,9,6
191,140304,64,10,23,1286,9,2,545,29677,5,4
192,140136,92,6,2,2434,6,8,831,233183,5,4
193,164946,33,9,23,4781,9,3,968,243118,1,9
194,25547,39,13,19,816,3,6,794,3713,5,14
195,43354,8,5,9,1981,4,6,670,25272,8,4
196,218816,98,1,9,1655,2,8,370,210080,9,7
197,166481,90,14,4,3015,7,3,663,29377,7,10
198,211377,33,5,8,627,5,5,729,46071,9,3
199,124602,88,6,22,513,6,4,649,245350,6,11
200,224392,51,1,14,2661,3,8,307,97439,1,13
201,136896,80,8,4,3184,5,5,717,209548,5,13
202,76382,52,5,18,842,3,2,329,63095,1,10
203,96518,39,20,5,3463,7,9,605,188626,6,8
204,121672,47,8,19,1889,8,5,12,173879,7,10
205,120044,16,21,6,2112,9,3,498,26829,6,10
206,155589,27,7,16,1508,2,1,448,229600,9,5
207,253932,52,18,13,2296,1,9,571,168034,6,13
208,22871,69,20,22,2452,7,2,474,247749,9,3
209,191837,55,19,16,143,9,6,26,243724,4,6
210,250046,89,1,16,4184,6,7,304,132557,3,3
211,255285,70,13,18,4213,1,4,662,202833,1,11
212,23235,96,8,19,4796,5,2,677,28985,1,14
213,217482,57,2,16,2338,8,7,578,194472,3,14
214,60134,38,9,22,2764,9,7,439,102847,7,3
215,201253,37,12,2,769,6,5,78,229653,3,11
216,126751,43,5,3,2410,4,4,584,110042,8,10
217,89660,7,23,11,4621,4,3,483,186892,8,9
218,177841,19,9,9,2947,6,3,44,242487,5,9
219,143902,60,10,5,544,2,1,332,53314,3,8
220,117555,37,22,23,1419,5,4,171,42885,7,8
221,111980,68,13,16,2264,7,1,635,26737,4,8
222,38250,78,7,17,3941,6,4,870,213851,5,3
223,41974,61,2,19,3537,3,3,931,240378,5,6
224,158010,61,19,1,4250,2,1,519,184369,7,3
225,203943,18,13,5,3031,5,6,554,182534,3,7
226,179413,14,9,20,1523,4,7,700,236208,2,9
227,40613,1,21,21,3063,3,4,594,95492,6,4
228,148609,73,6,7,2677,4,4,375,192316,4,6
229,37344,29,18,17,383,4,5,100,160479,2,9
230,166643,91,2,7,2377,5,4,525,241693,8,13
231,88308,97,8,16,2549,8,7,84,248873,5,13
232,63151,42,8,10,2026,3,6,708,174992,6,11
233,78481,15,22,21,2801,4,7,688,164984,4,6
234,254459,83,7,13,4760,1,7,30,20827,6,13
235,194528,30,21,21,1962,7,3,966,195148,3,14
236,137548,26,21,11,4110,9,9,293,165366,2,12
237,183071,71,10,1,1248,9,4,176,78046,2,13
238,160180,3,19,16,3807,4,8,199,50636,6,7
239,145114,53,3,8,2858,2,2,314,178681,7,14
240,222401,68,9,9,3025,8,9,580,242962,2,14
241,225313,23,11,20,2143,7,9,124,152817,7,11
242,131208,59,7,5,4588,1,7,210,18217,5,8
243,109540,42,23,12,3210,2,1,728,21042,2,8
244,147222,56,22,3,4928,8,8,321,212035,5,11
245,259840,18,17,5,3928,7,9,416,152458,4,9
246,89335,63,8,3,1658,2,1,328,82995,1,6
247,223196,44,16,23,2349,5,8,865,15703,5,3
248,129533,46,11,3,2730,7,1,415,169178,1,8
249,244294,8,21,23,4348,1,3,629,176125,2,7
250,101545,4,23,8,1802,7,9,908,30252,4,13
251,170547,88,13,11,3993,6,4,655,18076,9,11
252,218295,47,20,2,595,5,5,534,188101,2,11
253,186860,48,18,1,173,9,1,920,208525,8,4
254,229150,44,21,19,3883,2,5,561,145281,4,6
255,97178,10,7,12,444,1,8,274,73331,2,8
256,79805,14,4,10,3089,5,6,922,3314,1,13
257,257772,38,2,4,2552,4,6,276,144566,8,4
258,59081,66,11,3,4442,4,7,482,43345,8,12
259,91126,14,8,21,3217,4,1,180,219455,8,8
260,168508,22,4,21,2568,7,4,898,793,6,10
261,197369,31,11,4,4961,7,4,825,47203,2,4
262,161637,8,20,21,2163,2,6,58,56103,7,3
263,233585,57,20,14,3411,2,2,484,61445,2,5
264,233943,49,21,2,2853,2,4,781,119087,8,11
265,72923,78,18,18,4856,7,2,294,226925,3,14
266,146669,56,9,23,4148,2,6,486,42154,4,9
267,119100,41,15,4,1778,4,3,499,193273,4,9
268,169836,13,15,15,4455,1,1,178,4247,3,9
269,25155,28,9,6,571,8,2,391,85858,1,5
270,87979,88,12,21,3052,9,7,721,40905,7,8
271,187501,11,20,13,3890,5,5,810,32568,1,9
272,141036,75,17,8,4059,5,7,930,255884,7,10
273,159174,99,2,5,2120,2,2,145,215118,1,7
274,258510,88,3,15,2644,5,3,596,120721,1,6
275,177894,22,8,20,2487,5,8,385,157944,5,12
276,147473,95,8,23,1455,9,8,711,254447,5,8
277,137201,74,9,10,849,5,5,386,70960,7,11
278,59245,69,6,22,168,4,8,263,52775,7,11
279,143025,7,6,19,2778,6,5,590,141656,6,6
280,68275,94,7,17,3730,9,2,530,252315,7,3
281,83840,61,2,17,276,3,6,615,78135,8,5
282,206985,89,12,3,3621,6,5,674,88778,4,8
283,210761,39,22,8,3649,9,1,748,213440,6,6
284,108951,35,5,1,4165,7,5,163,257194,9,6
285,206623,30,5,23,4802,8,7,785,126399,4,9
286,28234,34,6,7,3730,5,8,227,214175,5,8
287,190882,54,13,11,1566,8,9,362,13240,5,13
288,225204,28,13,10,375,2,4,68,50111,4,10
289,201613,18,14,22,3292,6,9,707,168197,1,8
290,69524,16,17,12,353,8,4,806,215764,8,7
291,22524,46,16,9,2718,2,2,900,232056,5,11
292,127572,97,7,4,2469,8,5,54,23591,2,6
293,51465,43,18,17,3348,2,3,985,78502,3,8
294,220787,21,5,19,4624,2,7,480,122732,3,10
295,257566,95,23,6,1139,4,3,172,77218,3,13
296,69228,46,2,14,3153,4,2,993,242199,5,8
297,17504,96,9,18,2558,8,5,867,69645,6,5
298,80874,95,23,22,2832,8,6,882,198956,8,14
299,175776,6,12,15,2478,7,6,726,45687,9,11
300,153873,10,22,21,707,6,5,179,49983,6,5
301,248024,88,13,14,4426,5,8,253,181741,9,12
302,118260,2,16,8,2862,5,9,826,188350,8,12
303,117053,53,21,8,4460,3,7,326,53758,8,11
304,92133,88,4,22,2672,3,8,75,127457,2,11
305,199053,32,9,6,1439,7,3,497,90027,3,8
306,130838,77,12,1,3480,3,6,56,227420,8,3
307,194154,89,16,10,1202,6,3,331,24385,9,5
308,231338,68,15,2,1749,6,3,407,162013,7,5
309,165076,95,8,16,3137,4,2,205,23136,4,8
310,44975,81,10,23,3830,7,1,40,80070,4,4
311,260694,69,14,1,1113,1,6,376,74650,8,8
312,133292,72,10,19,4233,7,5,374,121875,5,6
313,32880,83,10,12,3953,7,4,325,8187,8,7
314,38669,92,21,20,3706,7,3,272,165906,2,13
315,140779,54,19,7,3215,6,5,114,122997,9,10
316,115548,73,14,6,2845,1,9,260,221527,8,13
317,73874,52,3,16,4554,3,5,848,155822,7,5
318,187414,58,12,2,1352,1,4,468,14368,1,14
319,144235,32,15,8,4283,7,5,82,150253,3,11
320,188813,39,16,11,4655,9,4,899,109509,1,3
321,60006,29,15,14,1769,3,7,999,200018,6,9
322,257972,66,8,3,2909,6,7,305,14459,3,7
323,149340,67,3,11,3854,6,1,621,200429,9,3
324,211907,9,17,18,1478,5,7,128,7398,8,12
325,52627,90,4,13,2786,4,6,225,63715,7,5
326,248814,95,13,1,659,2,1,749,256507,6,8
327,92932,55,6,23,2310,4,7,541,156165,7,6
328,138223,0,19,9,2980,8,3,267,58389,1,14
329,200295,36,18,17,3400,1,4,322,82174,9,8
330,74947,70,18,16,566,4,3,643,102383,3,9
331,138834,74,11,13,162,3,7,990,234005,6,7
332,221431,54,20,12,988,6,3,796,69016,7,4
333,259150,92,22,14,4194,5,3,632,128805,1,12
334,43968,22,6,13,2385,1,4,77,122456,4,10
335,192414,87,22,12,2933,2,5,231,126232,7,14
336,141481,87,8,4,386,6,9,603,186541,5,10
337,78888,80,15,18,1125,4,3,817,150763,8,4
338,62141,75,3,14,562,8,9,779,255802,8,8
339,208615,68,7,8,4084,6,2,940,101253,4,13
340,261654,94,15,5,1443,4,6,160,14047,8,4
341,158406,92,10,20,3126,6,3,107,140553,1,12
342,249409,48,18,2,1533,1,8,567,107351,4,7
343,260649,52,21,18,2866,2,5,229,14800,4,4
344,84662,2,18,2,4414,1,9,45,193474,5,3
345,254179,12,21,15,2637,1,2,577,191945,7,3
346,228216,94,6,1,3958,9,9,559,4773,6,13
347,80608,14,8,1,1400,6,2,463,125954,9,11
348,60669,35,9,21,508,2,1,680,155301,9,9
349,189303,41,4,18,547,7,4,928,57317,9,14
350,18878,16,6,9,2784,5,3,599,239064,9,11
351,90338,29,15,9,3043,4,3,193,100301,1,8
352,183834,50,20,11,1381,2,5,487,141142,2,11
353,240253,3,16,7,3725,6,9,886,183832,9,12
354,105466,8,16,10,922,5,6,906,133026,9,7
355,25237,25,5,16,1724,4,2,161,235450,4,9
356,148478,34,5,12,3103,5,4,756,12771,6,8
357,162261,61,17,20,750,6,5,557,185247,3,11
358,111144,59,11,9,2500,7,4,520,35252,3,5
359,83587,22,19,22,2228,9,4,523,54677,3,11
360,216524,85,15,13,4364,1,4,847,140867,8,9
361,122700,47,16,16,1755,7,6,450,148313,2,13
362,37738,90,7,7,4580,7,1,154,161351,3,4
363,217827,44,17,11,3510,9,4,514,167512,3,7
364,135931,33,4,1,419,7,3,291,103262,8,11
365,75233,81,8,15,3691,7,6,344,258897,2,6
366,233810,5,6,12,216,6,9,760,40390,9,7
367,34985,94,6,16,4839,10,8,17,260008,8,13
368,229497,4,7,15,665,1,4,455,131160,2,13
369,76346,70,14,2,4629,5,3,861,158799,9,9
370,162861,14,4,23,3057,8,1,685,222527,8,6
371,171386,78,14,20,3875,3,3,595,251351,9,7
372,61474,9,7,18,4025,9,3,318,13801,3,9
373,74372,1,13,19,1933,9,1,678,45218,8,4
374,193759,93,17,19,2354,5,7,46,7279,5,14
375,108617,64,8,12,3362,7,8,775,142731,3,9
376,245931,8,12,19,106,4,7,284,32332,9,11
377,205156,5,22,21,1677,9,7,992,119557,6,13
378,256709,85,19,5,1447,4,4,778,76463,3,12
379,165390,4,5,10,3594,4,9,214,131424,8,12
380,226369,35,9,17,1623,8,2,62,106593,1,11
381,89084,53,22,20,4513,4,1,558,50997,7,7
382,238568,91,4,22,4898,3,5,39,30664,5,14
383,221723,90,21,16,4001,4,5,115,100422,2,6
384,60934,46,4,4,715,2,4,425,101762,1,4
385,26113,8,4,13,761,9,2,111,22963,6,11
386,173487,16,6,17,4498,2,2,735,198186,9,12
387,212403,93,9,6,4278,8,1,842,158165,4,10
388,128712,28,22,11,1665,6,1,70,1794,8,14
389,229337,92,10,14,1265,9,6,744,89787,6,11
390,247837,5,23,23,4146,2,7,646,90424,6,10
391,18654,47,22,16,4790,3,6,562,51381,4,7
392,113983,10,3,16,2564,7,8,444,196338,9,11
393,215326,51,19,17,1133,6,6,807,68349,7,5
394,243441,11,15,9,2982,1,1,859,134637,3,10
395,123477,29,22,21,1190,2,4,337,82647,1,5
396,175233,64,14,17,2363,1,2,280,31096,9,13
397,123922,20,12,3,3754,6,4,719,21801,4,10
398,172025,29,4,3,1950,8,6,731,187753,1,13
399,58515,9,17,15,4044,1,8,106,24821,6,6
400,212946,81,18,17,3388,7,4,665,53521,8,10
401,216423,15,6,8,4575,3,5,278,80450,6,3
402,79762,15,7,2,2699,4,1,264,256125,8,12
403,30943,45,16,2,1362,4,2,132,147301,1,11
404,109993,37,4,4,4077,1,8,903,157616,1,3
405,153522,99,3,13,4286,3,1,137,39294,5,9
406,133863,25,11,15,669,6,5,962,2716,5,7
407,104056,74,22,15,3862,9,3,372,222230,1,6
408,85361,13,1,10,1050,2,3,184,41860,6,7
409,90489,3,1,14,4121,7,8,49,105332,2,12
410,53521,92,15,16,4432,9,7,830,81041,3,8
411,84143,82,10,22,1602,8,6,144,33651,9,5
412,241488,41,8,23,4995,6,4,242,64044,1,7
413,178167,56,3,20,1278,2,6,23,106389,3,9
414,206023,31,5,3,1761,4,4,975,38902,5,8
415,144634,2,21,11,2068,8,2,996,98838,5,12
416,178926,24,18,17,202,8,4,801,182341,7,14
417,157281,73,12,18,612,5,2,986,169391,8,11
418,94556,46,18,5,2399,1,6,504,49053,8,11
419,177521,66,6,12,979,6,7,403,250700,7,6
420,173202,71,6,19,3405,8,3,542,100126,6,6
421,197007,49,12,1,739,9,9,575,113899,1,3
422,245181,18,16,22,887,1,3,71,107742,3,4
423,190736,3,14,16,4735,8,1,166,89030,4,12
424,240845,1,16,7,3966,6,8,956,209177,2,14
425,137497,57,22,22,4426,5,9,818,239884,5,10
426,247083,1,12,2,306,2,6,357,199485,2,13
427,69733,66,5,20,1223,2,3,53,242403,5,7
428,151043,11,17,6,953,8,4,192,48914,5,5
429,78176,50,23,12,2961,5,7,799,55169,9,12
430,72258,64,22,21,3963,9,3,776,80760,2,3
431,21744,92,4,13,4335,4,9,957,260774,2,8
432,250306,89,15,4,4818,7,1,494,147858,4,12
433,225880,93,4,20,121,1,2,342,137385,5,4
434,250920,30,3,7,3256,7,1,511,103755,1,13
435,148896,29,19,13,3047,2,1,15,2592,7,13
436,241863,4,3,4,2903,4,5,892,108389,1,13
437,251559,26,11,23,115,5,1,591,252995,3,3
438,158680,67,1,10,3801,6,2,452,248665,7,8
439,174888,84,21,8,1070,7,6,116,156635,7,9
440,34729,61,16,23,2793,4,4,226,192835,2,7
441,216965,58,1,3,1230,4,8,783,80736,3,4
442,259221,99,17,10,3627,9,5,507,16093,8,12
443,90686,45,12,8,974,5,8,120,231828,7,8
444,239898,28,3,8,1238,2,9,236,31395,1,8
445,236339,74,6,22,4691,6,3,671,97953,2,7
446,127923,49,6,19,960,3,5,730,151204,4,14
447,56177,74,11,3,4703,6,6,977,62287,3,14
448,20958,25,23,18,2925,5,2,965,73866,6,10
449,143230,62,23,11,1932,4,8,310,10999,9,6
450,156690,8,1,2,4641,3,5,396,236183,2,13
451,121908,24,15,10,4741,2,8,971,128188,6,4
452,23679,4,1,12,1901,2,6,25,197123,8,11
453,222664,94,6,18,243,7,1,989,228102,5,9
454,63805,50,5,15,3432,4,6,361,136546,3,9
455,110042,37,4,23,1017,9,3,926,147731,4,13
456,159675,30,17,10,2502,8,6,204,34720,9,3
457,70625,93,10,15,3279,1,5,516,11999,9,14
458,181616,17,14,16,3414,8,4,431,130222,8,9
459,70388,77,20,14,4321,9,4,840,35045,9,8
460,151436,96,15,7,4339,6,8,413,189393,7,6
461,57716,70,1,11,1583,5,8,198,79096,6,7
462,219426,8,16,1,736,2,2,804,92870,6,5
463,188596,57,12,16,128,1,9,849,138245,9,10
464,229880,22,20,7,1035,8,8,97,3599,9,4
465,77478,72,10,6,3647,3,1,302,84397,8,7
466,142310,97,6,2,186,8,3,224,213354,2,7
467,106234,9,7,7,1315,8,6,244,111978,4,3
468,235878,46,13,18,1461,4,6,693,128515,6,12
469,255993,15,9,14,1875,2,1,136,139224,2,8
470,219725,41,17,19,3327,3,4,296,234177,8,10
471,65408,98,23,4,425,9,1,927,185662,3,4
472,34055,29,16,20,337,4,1,268,244205,5,7
473,31142,36,2,9,2138,8,6,716,380,2,5
474,112456,58,11,10,4777,9,3,750,99811,7,13
475,114645,84,16,13,1474,9,2,93,224621,1,14
476,66185,25,4,2,2288,3,5,980,90719,3,10
477,204669,50,6,20,2573,4,9,613,106959,8,8
478,112486,69,21,10,2843,4,9,614,75422,6,9
479,68935,71,18,6,1388,6,2,477,195738,6,9
480,152751,76,15,1,1038,7,2,757,10450,1,4
481,60596,27,5,7,2723,9,4,811,24039,5,8
482,70011,26,1,13,3366,5,4,247,194112,5,8
483,105231,23,15,5,1647,9,5,675,189660,9,12
484,231611,31,14,17,1013,9,5,890,170288,2,3
485,179705,2,1,3,4437,1,4,297,143776,5,9
486,113551,57,15,18,3203,2,2,805,65204,2,6
487,215636,43,1,3,4688,2,1,292,116933,9,4
488,245385,85,13,7,3295,4,6,101,156824,2,12
489,193996,15,20,16,4155,8,8,28,20590,4,14
490,186506,60,12,20,2325,7,7,754,240773,6,12
491,70881,4,3,8,4907,4,2,433,246004,3,12
492,130018,63,15,22,803,8,1,829,73546,4,10
493,116746,10,9,20,4859,8,4,395,241895,8,6
494,209866,93,16,22,3985,6,9,720,99238,4,4
495,212530,5,1,18,1081,1,8,35,96369,8,5
496,27435,72,13,9,709,1,4,122,245444,3,6
497,140587,38,13,2,2252,8,5,393,104350,7,11
498,64211,97,23,10,2601,5,3,883,244747,4,12
499,230790,7,2,19,1921,9,3,90,121624,1,5
500,115004,44,3,14,1926,7,8,446,246769,4,3
501,233083,9,9,20,4881,9,7,175,104670,6,4
502,197179,20,2,8,3575,2,9,787,56015,9,12
503,230120,45,19,11,1986,3,1,496,254161,5,8
504,44535,65,3,6,3637,5,4,387,16964,7,6
505,37841,5,2,10,1856,7,6,377,72691,4,11
506,234240,95,16,14,1409,9,6,521,37171,8,4
507,67570,4,11,2,2615,2,3,508,76217,2,13
508,82464,67,23,7,1860,3,6,384,172039,9,11
509,255683,94,2,7,1838,2,9,522,82452,7,12
510,189516,65,7,12,2590,4,1,423,148783,2,6
511,24243,96,8,5,2100,6,7,22,98339,7,4
512,187730,38,21,20,2583,7,4,668,66131,1,3
513,261550,66,23,3,2019,2,9,832,86292,1,7
514,141385,29,7,17,853,1,7,285,214052,5,11
515,32200,86,3,16,4719,2,1,241,259608,6,3
516,161904,9,2,22,1895,9,1,690,172553,6,8
517,77294,17,20,15,1788,7,8,902,85314,4,12
518,51764,81,15,2,3845,7,2,570,173113,8,6
519,70970,48,10,2,1061,8,2,333,134325,3,7
520,111508,60,22,2,3893,5,2,701,260477,7,4
521,158553,16,1,20,4712,7,9,929,232574,5,6
522,146004,21,13,15,4129,2,7,524,44203,3,8
523,82514,18,9,20,2940,8,2,287,49786,2,10
524,38355,91,18,4,439,8,4,363,62536,5,12
525,164293,67,15,7,3119,5,7,470,185408,9,10
526,227027,23,15,11,2952,1,2,824,61923,8,14
527,45950,7,14,16,269,4,3,223,195839,8,14
528,243719,32,4,19,2007,3,9,745,42674,1,14
529,232421,42,5,20,4135,9,2,315,34243,9,5
530,198183,90,3,6,1152,1,5,988,198170,3,5
531,189980,95,16,10,1707,1,6,656,161680,7,8
532,214528,62,15,8,1575,7,7,695,204077,8,8
533,218043,39,13,15,4896,8,8,400,214620,6,13
534,26428,19,20,23,1432,2,4,845,79205,5,10
535,200940,96,23,9,4709,3,8,80,69823,8,6
536,246717,89,6,13,4178,2,9,217,51264,3,14
537,35680,45,13,11,392,2,6,182,171625,9,3
538,42544,17,7,18,2021,2,9,459,231330,2,4
539,72677,63,18,9,622,9,3,221,170460,4,8
540,58241,7,5,3,3552,3,3,399,186091,6,13
541,72450,43,15,13,1385,4,2,916,23608,3,7
542,249214,17,23,19,2217,5,1,313,55530,8,14
543,249721,1,20,5,2224,6,8,951,166123,4,12
544,224826,87,22,23,2304,1,2,647,169022,7,4
545,42275,60,2,12,2928,3,5,59,70480,7,7
546,132740,16,1,21,2431,3,4,338,155662,1,10
547,252646,77,11,6,1687,8,8,174,247338,5,7
548,94348,7,20,11,4377,7,8,960,199590,9,8
549,48910,4,2,20,3111,2,9,404,96688,7,4
550,48073,56,10,18,3881,4,7,472,19067,6,6
551,132090,49,22,23,2535,3,6,200,226372,7,14
552,210133,83,3,8,2493,9,7,609,15212,1,6
553,63468,83,20,8,4534,5,6,919,201050,2,8
554,182266,45,23,13,1798,2,9,885,239229,2,6
555,131121,8,7,8,344,9,5,933,111455,1,5
556,103699,64,22,5,2542,6,7,173,251091,5,4
557,67938,27,2,1,4751,6,1,476,84897,5,5
558,47714,98,14,19,1338,3,3,421,229063,8,11
559,42933,6,6,5,2389,9,3,856,47564,5,5
560,231894,26,21,11,1097,8,2,36,252469,7,14
561,169100,88,19,8,1217,6,5,816,102018,9,3
562,45857,19,18,12,1607,4,5,657,36406,7,7
563,234905,54,19,4,348,4,8,755,15956,6,6
564,121089,78,3,11,4824,9,9,802,219949,8,8
565,252808,61,6,18,3639,1,8,761,187120,7,14
566,230992,82,2,23,1121,4,6,119,203458,3,10
567,238072,12,17,15,528,8,2,913,54839,2,4
568,239347,98,5,23,3008,7,4,412,187444,3,7
569,25876,30,8,13,1616,2,4,79,146857,3,5
570,230311,0,6,22,810,6,3,83,173693,2,12
571,139544,66,4,12,1403,9,4,491,184107,2,7
572,48687,20,2,1,1256,9,3,676,46349,6,3
573,174902,7,1,13,1625,8,6,443,21301,4,5
574,97660,57,1,18,283,4,4,360,231010,7,3
575,96201,44,3,3,773,4,5,219,204540,3,12
576,198684,41,21,22,1358,4,7,797,117742,4,12
577,99002,47,1,2,1632,1,5,52,4471,9,14
578,142146,29,18,13,2620,5,3,169,155044,8,14
579,195315,69,22,4,4847,4,1,689,57749,6,3
580,117744,84,12,19,178,6,9,232,215672,7,9
581,175952,35,15,6,2640,6,4,982,252736,1,12
582,49988,52,7,4,880,6,4,770,113183,9,9
583,36851,88,1,3,1187,6,6,126,225694,5,12
584,91028,87,11,12,2169,8,2,238,251576,5,14
585,196035,13,8,2,2091,6,1,445,30764,8,11
586,178491,46,2,1,2515,6,4,345,5421,3,7
587,238385,72,4,18,1756,4,7,60,6991,1,11
588,126525,80,16,15,208,3,2,718,123891,9,12
589,161452,6,13,22,898,2,1,142,189834,5,4
590,65874,37,1,23,3945,5,6,146,221265,3,13
591,133563,13,8,3,4594,8,7,814,27321,4,6
592,154233,20,9,16,4772,6,9,118,44388,3,9
593,244042,97,2,1,1202,3,8,73,85583,7,13
594,99761,91,9,5,1511,6,7,876,238066,7,10
595,108183,35,19,14,499,9,1,724,230000,3,5
596,181196,74,18,9,4950,2,2,92,59340,9,7
597,98747,9,20,23,3580,7,6,506,76666,7,8
598,135450,0,21,14,1378,9,7,398,170101,5,8
599,239092,50,1,18,2242,6,3,29,31743,7,14
600,54937,91,21,11,1842,6,4,904,60631,7,8
601,116244,35,18,1,4407,1,4,909,149419,1,12
602,242187,45,16,14,944,4,7,812,143931,2,9
603,257111,20,4,10,2584,2,4,784,27564,8,13
604,101819,86,5,19,2115,2,7,458,201328,8,10
605,209668,36,17,20,3380,9,8,963,58963,7,8
606,20520,32,4,1,2012,7,9,478,212903,4,6
607,236919,55,5,6,3117,7,1,436,172424,6,14
608,41215,11,14,14,1561,5,4,538,77396,1,9
609,78697,66,15,18,2990,2,2,881,116671,4,12
610,158964,98,14,21,3261,5,8,27,94705,6,7
611,179238,81,9,6,698,6,8,917,208365,3,13
612,71918,75,17,10,296,4,5,434,67230,7,3
613,125215,2,22,5,924,1,6,13,260963,7,7
614,226099,99,1,1,2663,3,6,157,5989,4,6
615,49445,86,13,5,2703,4,2,152,84444,9,14
616,194976,70,19,5,2769,1,8,601,29963,8,3
617,80405,86,16,4,790,7,6,108,166538,1,13
618,117941,97,10,16,3319,2,1,447,66588,3,4
619,100619,49,4,12,3177,4,5,532,36871,2,11
620,64322,87,9,6,1272,4,1,941,59809,7,13
621,40071,24,23,21,1710,7,6,691,89602,3,9
622,47279,69,13,12,2161,7,9,607,152181,3,8
623,44210,32,20,7,4724,3,7,201,217517,5,14
624,99592,41,11,20,2322,1,8,147,79840,6,13
625,198779,49,12,19,1346,5,7,863,126916,5,12
626,54031,76,4,3,3585,9,9,303,61843,3,13
627,114356,80,12,10,355,9,8,631,133667,8,10
628,30373,7,11,16,2882,1,9,288,176198,6,14
629,118598,19,7,9,4037,3,6,479,36580,1,7
630,102218,82,2,11,1728,3,9,918,225871,2,3
631,189712,51,16,18,1695,8,4,897,86104,2,7
632,95119,39,10,20,433,2,7,481,38421,7,11
633,64798,10,23,22,3780,5,5,74,220985,7,9
634,38861,1,1,15,1283,5,6,440,113703,3,6
635,67003,14,3,16,3253,9,6,608,17209,9,5
636,207289,87,5,2,2057,8,9,69,205401,2,6
637,26464,93,1,5,3675,7,8,153,86981,6,5
638,181378,16,21,19,2971,7,5,141,237644,7,6
639,65182,19,14,3,3819,4,7,350,83546,1,10
640,259646,27,21,4,3168,8,2,246,161849,5,11
641,205793,10,6,9,800,6,4,789,35786,7,9
642,185791,3,18,23,2210,7,9,388,230408,5,4
643,57242,81,11,22,4117,9,6,104,146142,4,13
644,223441,40,10,11,3769,2,5,981,207944,4,5
645,64817,85,18,2,3195,2,2,974,103416,6,14
646,76003,65,11,21,2446,8,5,194,212119,8,4
647,112022,67,23,1,223,5,6,854,137079,7,6
648,200166,54,21,9,4378,9,7,624,39915,9,8
649,106058,66,5,12,1009,6,5,857,149776,3,8
650,84879,87,12,5,3347,1,5,915,183468,5,11
651,188375,43,6,5,4467,7,6,346,81899,2,5
652,104645,4,19,14,4757,9,2,265,22407,6,10
653,45612,71,4,15,411,3,7,997,170887,7,14
654,87555,48,15,1,204,8,3,954,44781,5,6
655,35813,79,8,5,870,6,2,846,160897,4,5
656,40324,88,13,3,2108,9,7,972,6292,1,4
657,237196,76,11,13,1824,6,4,714,1851,4,13
658,171636,58,3,22,1652,5,3,670,196441,1,12
659,155882,43,5,19,2806,5,4,269,9706,4,12
660,133801,6,4,21,1323,2,8,177,206193,2,4
661,34317,51,3,11,2438,5,1,91,12262,6,5
662,107867,62,22,18,744,3,4,162,57660,4,5
663,55540,65,23,7,4386,9,4,894,174636,3,12
664,134217,40,3,15,935,6,2,61,58002,5,12
665,142733,92,11,11,4045,1,6,672,255105,2,14
666,146217,78,16,13,1739,3,2,772,154802,1,9
667,16970,99,1,15,4805,3,5,48,68007,1,3
668,66356,18,16,17,3988,5,2,492,45079,9,7
669,89375,13,18,11,3708,8,4,340,221179,6,13
670,128496,94,4,10,1076,7,9,875,659,6,6
671,130172,39,7,1,2529,7,8,207,110783,1,5
672,209493,48,6,6,895,8,2,955,46879,1,3
673,156128,31,5,6,2318,1,7,641,219760,6,7
674,150561,34,22,2,533,9,6,465,209192,4,3
675,261324,63,3,15,3482,1,3,16,257604,6,10
676,226826,27,3,1,1640,2,1,72,76007,2,8
677,52886,96,21,23,2249,2,1,390,129695,7,12
678,176973,58,19,17,4993,1,1,978,202535,3,8
679,62910,43,2,9,253,8,1,500,258335,6,5
680,200541,3,9,13,3129,4,3,565,216030,5,6
681,188069,37,8,16,2870,6,4,893,232906,9,8
682,195865,62,3,13,4837,4,8,564,175808,9,11
683,214225,75,1,11,1771,6,9,914,8420,9,13
684,75757,68,14,23,4353,8,9,349,65878,2,4
685,23976,28,2,8,722,8,9,405,240967,2,10
686,247199,51,9,9,582,3,9,18,66941,6,3
687,53795,89,4,4,3712,9,3,765,199118,4,3
688,150269,67,15,16,1108,9,7,809,234414,4,5
689,146503,79,5,16,1807,6,9,87,84082,1,6
690,77960,10,8,22,3449,6,7,414,26133,7,11
691,115722,42,15,14,219,4,4,228,123234,3,9
692,85501,87,4,10,157,9,9,67,22732,6,7
693,168985,36,12,16,3867,3,7,368,257083,8,5
694,57597,79,12,16,1588,9,1,910,114874,2,12
695,119345,65,8,1,2687,3,6,212,28302,3,3
696,37253,12,18,22,4471,3,4,408,194719,1,3
697,170813,47,14,2,1593,3,1,706,4014,4,11
698,51782,78,19,9,2994,9,2,642,71742,6,8
699,239659,32,23,17,1213,9,4,767,106871,7,6
700,100335,33,13,13,484,7,7,515,168517,1,13
701,82801,61,20,23,3036,3,8,168,107580,3,11
702,43755,99,20,21,951,1,6,666,236472,9,12
703,41074,50,23,12,4420,6,8,378,87524,8,10
704,185502,70,8,18,1518,5,5,250,184703,7,8
705,87718,71,11,7,1092,2,5,552,114183,2,3
706,131814,62,10,17,931,9,7,220,237442,5,11
707,18048,64,3,10,4370,6,7,240,109,8,9
708,151918,3,3,17,863,1,7,958,195372,4,11
709,138457,6,14,15,3143,3,2,167,157101,9,9
710,224138,36,21,4,189,9,5,835,125120,5,14
711,135330,57,18,13,718,1,8,763,239534,9,10
712,211270,91,4,23,4945,4,2,751,227984,7,14
713,29542,60,22,8,654,6,1,758,171265,3,4
714,202987,33,2,6,3600,4,9,183,110478,8,3
715,174523,67,12,9,2913,7,6,140,182960,1,5
716,134744,86,10,11,1885,8,3,19,224943,9,5
717,228529,83,7,14,3334,5,5,843,19696,4,5
718,147736,89,21,21,1364,1,7,262,201689,2,12
719,202334,0,20,2,4515,4,1,611,25561,3,3
720,152075,38,3,12,3692,1,4,673,161143,9,12
721,122849,79,16,15,1594,7,3,697,216996,1,13
722,199479,55,3,16,837,2,6,970,217092,2,12
723,160535,94,6,18,4019,7,8,739,72932,3,14
724,27812,24,21,8,332,3,8,880,121921,8,14
725,119655,55,4,6,3699,3,3,949,245076,10,4
726,202719,12,2,23,491,8,9,215,45572,6,7
727,24468,28,1,1,4080,5,6,271,150061,1,4
728,163921,24,22,18,396,5,8,98,87973,6,7
729,148196,99,23,15,3200,7,9,679,111304,4,5
730,28726,97,6,21,2962,4,9,341,153001,8,7
731,256064,45,20,13,4362,4,7,266,33948,3,13
732,150622,93,9,9,3664,5,4,493,42371,6,14
733,26894,34,11,5,608,9,7,282,46425,1,13
734,258756,23,7,23,4272,9,6,935,118888,5,3
735,96398,70,11,10,3332,9,3,932,128366,9,6
736,126207,73,10,7,315,3,9,833,75213,3,8
737,220111,28,11,7,1069,3,1,659,108990,4,14
738,95904,87,12,19,3235,8,4,543,22240,4,5
739,244826,84,17,6,2518,3,9,382,233366,9,9
740,227843,20,10,6,1469,2,3,156,249062,7,9
741,182643,51,8,23,2889,1,2,20,142461,8,7
742,103407,31,13,17,4940,8,4,31,129922,7,14
743,204195,47,16,5,1954,6,8,3,9563,2,10
744,42771,95,21,17,2465,5,5,181,172876,9,11
745,57982,76,11,6,4308,5,8,489,151888,3,4
746,197977,80,17,2,474,7,1,995,190083,7,7
747,203352,9,20,3,256,2,3,879,166799,3,12
748,232207,70,13,11,4645,6,7,401,244525,1,5
749,195187,18,5,8,3519,4,1,555,180757,1,10
750,160653,34,8,4,1558,7,1,681,191399,8,12
751,168727,11,8,1,2152,6,6,402,177572,2,6
752,145548,32,3,13,2005,3,4,202,205025,4,8
753,55015,89,17,15,4344,6,7,281,226553,9,10
754,210868,73,20,20,286,6,5,983,138653,4,8
755,47497,49,11,21,2330,2,1,871,47167,7,13
756,83049,0,15,5,2819,5,5,1,251917,1,8
757,91951,83,22,18,4887,9,1,51,227075,6,13
758,214884,56,19,10,3744,7,7,216,105694,9,10
759,27566,26,14,7,1056,5,7,618,101626,8,13
760,225755,81,5,10,3312,6,7,150,216786,7,14
761,73250,40,15,4,1437,7,7,600,132109,3,13
762,186123,6,10,10,3418,3,5,4,20264,4,5
763,94084,59,4,4,2258,7,9,793,163478,3,10
764,191980,22,9,7,1307,1,4,453,147391,7,3
765,19928,64,17,18,4986,9,1,206,124488,5,13
766,242832,54,14,12,1905,4,7,441,224859,2,8
767,184746,80,13,16,1917,5,8,959,91007,4,9
768,105063,70,23,22,2124,1,9,650,19136,3,8
769,32685,94,20,21,1908,9,5,143,69394,1,9
770,54549,95,17,11,1492,1,7,134,248503,5,10
771,204545,27,10,20,3659,9,3,606,114633,8,6
772,86252,72,22,9,1371,8,2,645,223774,4,11
773,256385,68,22,21,264,9,5,248,52969,6,11
774,81538,23,14,15,3503,2,2,158,48414,6,8
775,81053,77,10,6,1342,4,7,884,68570,7,4
776,54334,78,16,14,1194,1,6,380,92411,6,4
777,152803,44,12,1,4198,2,3,149,130674,6,5
778,29061,87,12,12,1554,1,1,712,243349,8,9
779,143469,63,13,14,311,9,5,456,146727,3,9
780,88810,13,8,14,1712,6,4,800,187299,3,12
781,16483,93,18,2,1491,9,4,286,261661,4,10
782,167251,48,2,15,578,1,4,187,83165,9,5
783,155413,64,22,12,602,8,2,283,144353,5,7
784,234646,52,13,11,4747,2,7,866,10207,9,9
785,193328,76,3,4,2396,7,3,723,91939,5,10
786,81291,73,10,12,2797,8,5,568,154104,9,3
787,33469,5,19,19,4634,2,8,190,26294,8,13
788,192198,82,10,8,2707,1,2,683,247166,1,8
789,203653,14,9,6,2743,6,1,850,93330,8,11
790,253061,69,14,15,3604,1,2,544,206871,3,13
791,183554,16,15,22,2095,6,3,572,41486,5,14
792,125816,1,5,3,1846,3,6,34,130957,6,4
793,260982,36,22,23,2175,5,4,891,33413,6,5
794,237749,98,16,15,2083,6,9,38,181148,8,6
795,164701,65,10,7,1717,2,5,549,211036,2,5
796,41574,12,1,1,2838,5,8,630,178123,9,13
797,148032,79,2,8,3081,7,8,435,114542,6,4
798,227363,25,18,21,1055,5,5,753,179222,5,12
799,176273,0,23,19,2827,2,7,65,39541,4,14
800,56461,82,11,21,2897,3,7,24,260094,1,12
801,28073,12,7,6,1254,3,4,984,49296,5,12
802,139397,11,19,7,1812,2,5,889,8088,7,10
803,193073,94,8,8,4959,4,9,860,143008,9,9
804,50169,35,22,9,2365,6,5,430,234740,5,7
805,206431,53,9,17,674,8,8,170,148418,5,14
806,94985,75,12,16,2076,2,4,258,254777,7,4
807,191576,57,14,10,2578,3,5,837,16545,1,3
808,252021,91,17,17,4052,1,1,356,173436,8,10
809,228842,42,18,6,4189,5,2,8,37692,4,6
810,123724,48,15,13,4326,5,3,964,167303,3,3
811,247414,75,14,7,2873,7,6,661,178406,1,10
812,167451,98,13,20,1825,7,6,790,117191,3,12
813,92470,2,5,8,3763,4,6,133,70092,7,12
814,176594,40,23,20,360,5,9,622,38107,1,14
815,74723,65,10,19,4883,9,2,786,177989,2,14
816,184539,26,4,13,4157,3,9,503,199841,2,5
817,255206,37,14,18,4560,3,3,853,229307,8,13
818,220252,20,4,7,1293,9,3,186,1203,8,13
819,183480,75,20,5,3164,8,6,604,116451,1,7
820,209303,86,5,20,2200,3,1,469,193134,4,3
821,132178,84,20,19,3395,5,3,694,201110,1,12
822,86676,96,12,13,3250,5,8,417,12472,6,6
823,40898,34,4,12,2189,1,6,159,230663,2,12
824,153245,38,3,12,648,2,3,270,183181,3,10
825,102027,39,11,3,4447,8,8,633,196846,1,6
826,127140,83,15,11,829,4,6,640,164829,4,4
827,35174,16,6,14,2290,2,3,573,6070,5,5
828,110340,93,15,10,3469,2,8,235,248233,9,4
829,93400,86,21,17,3612,5,8,762,129169,7,11
830,110695,0,9,10,3679,9,8,639,137146,8,14
831,253450,22,6,8,3656,6,5,709,216314,7,11
832,248453,33,5,16,1181,5,5,95,94550,5,9
833,104326,17,4,22,4262,2,5,454,148928,4,3
834,165915,74,10,15,1299,9,7,619,214872,2,4
835,165687,36,20,2,2214,1,5,460,85099,5,10
836,22633,19,4,15,890,7,9,912,204807,4,4
837,104398,2,11,23,3266,1,4,306,246556,3,3
838,125494,72,6,16,4096,6,8,222,141552,9,4
839,50412,23,19,12,2309,5,8,764,174543,9,4
840,206218,73,4,15,1742,1,5,987,168819,4,14
841,222128,70,18,21,2137,6,9,967,141888,9,5
842,113715,28,20,4,4238,8,8,623,102691,3,8
843,22224,11,15,22,1785,5,6,50,150555,3,3
844,235553,62,18,5,684,9,7,736,47789,8,9
845,107778,82,10,6,3755,8,2,352,151261,9,5
846,61623,1,23,10,4537,1,2,32,198571,6,4
847,236484,86,21,19,3904,1,3,732,3005,4,8
848,21828,77,21,20,4403,7,7,371,63478,7,7
849,85991,27,2,13,3229,4,7,339,162510,1,12
850,203417,25,23,15,4668,5,5,747,250022,7,9
851,244576,75,23,20,291,3,6,734,164585,6,10
852,24913,32,23,2,4492,1,7,257,158435,2,8
853,122386,25,7,19,494,4,2,409,19975,6,7
854,101183,73,15,4,2815,3,9,11,235817,1,9
855,254967,84,17,6,1304,2,9,424,11471,8,3
856,106630,58,11,7,3065,4,1,888,48744,1,11
857,19124,25,16,5,416,7,2,598,140107,5,4
858,131604,57,7,7,3823,3,1,121,175318,2,10
859,205561,30,9,15,778,3,4,684,122338,4,6
860,171085,40,2,10,3022,7,2,553,109083,9,9
861,84358,71,5,15,4126,9,2,592,226211,5,11
862,107386,81,2,17,3240,6,7,610,207114,9,12
863,250751,66,16,9,4935,5,5,196,247597,7,11
864,213939,60,23,3,1153,8,7,517,132205,2,10
865,218552,71,20,11,4902,4,6,798,71166,6,14
866,66656,67,16,16,4268,4,4,948,237803,8,14
867,208104,71,3,5,2814,8,4,354,257829,5,6
868,164417,50,18,16,4485,1,5,577,94953,5,3
869,87274,17,12,22,4176,9,5,437,57005,9,11
870,31617,92,11,18,4848,1,7,950,253231,6,3
871,114699,33,15,6,594,3,6,648,262078,7,8
872,102755,68,3,23,1537,9,9,873,111883,4,5
873,93772,34,16,12,1166,2,5,589,197776,8,9
874,235836,37,22,11,227,1,6,512,96157,6,14
875,197604,31,17,11,3935,5,1,616,183675,6,11
876,163219,4,3,13,3304,8,5,259,177104,9,9
877,62761,56,2,9,3631,5,3,683,34420,2,12
878,187183,90,19,12,4662,8,3,335,249365,8,13
879,128238,11,23,8,2342,4,3,301,192607,6,6
880,144095,12,17,9,2420,1,3,96,236789,6,6
881,31668,85,7,13,2693,2,8,117,87748,1,13
882,36386,4,16,17,3354,9,8,773,43114,5,10
883,81762,35,22,18,3004,5,9,422,230894,3,4
884,67108,76,18,2,1208,5,3,998,74759,7,12
885,201714,42,12,5,2133,8,7,844,5672,4,14
886,117260,5,7,1,1850,1,9,255,25882,4,3
887,98523,56,1,22,3555,3,9,251,157506,9,9
888,157140,6,7,18,3453,8,6,518,250099,9,11
889,18581,64,2,17,3542,3,4,973,94017,6,9
890,257318,65,1,2,461,5,7,664,40677,2,13
891,217177,2,1,20,2970,2,9,392,162754,3,6
892,123200,16,13,13,2265,4,9,527,68698,5,14
893,237355,86,17,2,4331,8,4,383,163806,8,13
894,154802,96,19,4,4592,4,3,715,64669,1,14
895,245671,98,22,15,2046,3,2,290,65355,2,4
896,157912,50,1,22,1873,7,8,21,210989,4,5
897,34488,75,6,11,942,8,5,858,253960,3,6
898,82207,48,8,19,4055,5,5,872,74240,5,8
899,162620,59,11,4,4009,3,8,921,233589,3,3
900,95301,19,13,19,4571,8,3,819,72467,8,14
901,152469,35,13,18,634,1,2,533,169829,1,10
902,186366,26,17,14,1026,6,7,237,64415,4,5
903,59518,68,10,10,4647,6,7,364,224038,5,12
904,52225,68,8,7,3718,2,9,658,178877,4,4
905,120581,40,4,22,4984,6,7,855,28449,5,5
906,97370,20,18,20,2154,8,4,299,115212,4,10
907,46680,55,10,22,405,2,2,208,241210,2,4
908,246584,69,17,1,1426,7,9,427,50500,2,14
909,55720,55,16,5,4292,8,6,501,252172,9,4
910,180239,7,14,2,4922,7,8,583,143398,9,3
911,68552,21,3,19,999,3,3,953,133221,4,9
912,136382,49,16,23,3853,7,8,348,189165,1,9
913,153320,90,9,17,400,6,2,901,134805,7,12
914,220929,50,15,19,148,1,1,943,52343,3,5
915,157551,23,19,14,2997,1,8,869,54290,3,11
916,169321,80,7,3,4875,8,1,513,209718,2,6
917,119395,41,9,21,478,3,3,442,129484,8,7
918,213478,88,21,7,696,2,1,725,257949,6,5
919,112851,30,1,22,4616,2,3,505,59541,8,10
920,180716,43,8,4,4396,4,9,777,153624,3,7
921,53249,1,16,5,1023,5,2,994,243924,2,7
922,116015,12,11,13,904,7,5,687,32960,8,10
923,118801,19,23,18,3372,7,8,125,153370,9,13
924,73579,11,1,17,465,9,9,461,123608,8,5
925,195714,31,14,12,1115,3,2,704,205841,4,3
926,74569,41,8,9,1235,7,6,63,202284,6,14
927,126427,73,3,15,4205,4,3,722,120894,6,5
928,154467,44,10,17,4486,9,8,582,112611,2,14
929,125638,53,11,19,1637,8,9,428,37817,5,4
930,170273,21,2,21,2412,2,2,838,159755,2,12
931,142570,31,12,23,914,3,5,155,179946,1,11
932,215151,14,14,11,4727,6,8,218,43923,7,9
933,223656,34,19,21,4259,6,9,43,104193,9,9
934,208844,20,15,8,3777,1,6,471,106055,1,4
935,85183,47,14,6,1946,9,3,612,204304,5,13
936,100755,79,18,20,762,8,5,923,95813,4,9
937,33825,62,14,7,2038,3,1,702,111148,7,11
938,30495,39,21,1,4816,4,6,579,177229,8,5
939,184301,79,17,8,4479,5,8,563,74113,4,5
940,137856,84,7,6,103,7,8,233,121223,2,3
941,161332,24,13,5,3749,1,1,771,261436,7,11
942,21078,74,13,4,3925,1,1,311,188902,7,6
943,76807,68,20,10,3591,4,3,548,119527,3,10
944,100020,81,7,14,2239,4,5,41,72042,9,3
945,124851,18,1,19,2271,9,3,509,136710,4,5
946,132587,41,14,3,2686,4,3,64,40352,3,7
947,49621,25,17,14,1550,8,7,317,18412,1,6
948,20160,42,19,15,4566,3,3,841,205768,1,12
949,232682,55,5,8,3473,2,5,195,138909,4,9
950,170108,10,21,14,193,7,6,432,136297,7,13
951,29907,17,18,21,370,9,7,249,41344,9,9
952,190306,17,16,7,967,9,1,895,146483,1,14
953,248967,69,2,19,642,2,2,877,193819,2,12
954,105653,44,7,7,1504,3,1,6,104949,9,7
955,111487,20,22,7,651,8,1,774,190757,7,11
956,19740,46,17,10,4766,6,6,769,176808,3,9
957,207781,82,20,21,4500,4,5,637,256784,6,11
958,56737,44,8,5,3978,3,4,379,197222,5,7
959,159492,21,20,4,2054,4,2,327,225247,9,7
960,124448,45,4,2,3797,6,8,628,13106,4,5
961,193465,37,15,9,3428,8,9,746,210627,5,6
962,51167,60,5,4,4607,2,7,667,87264,8,10
963,227582,86,5,22,2648,9,3,213,171089,5,7
964,80129,5,12,19,1087,1,2,795,110292,7,7
965,62567,59,18,14,150,5,1,961,238440,2,13
966,135704,36,11,9,3511,5,7,316,105583,5,10
967,221179,76,12,21,456,1,4,529,92775,7,4
968,124221,63,11,9,4660,3,9,85,15167,2,8
969,97986,98,3,4,1003,5,8,7,154448,9,13
970,17839,95,19,5,2887,8,6,57,2121,8,10
971,139024,18,19,1,2087,8,9,495,166374,4,7
972,166831,40,20,19,4314,8,5,55,27068,3,5
973,91570,52,13,9,824,3,1,367,261161,6,12
974,172753,24,19,13,3814,1,7,245,79496,8,9
975,167843,97,14,18,2901,7,1,139,179784,2,11
976,162465,67,14,2,2595,4,3,827,93724,1,5
977,208500,45,18,15,431,2,4,792,108177,9,14
978,46292,75,13,3,2424,9,9,839,29106,1,7
979,199783,78,10,21,2284,5,2,868,142213,3,3
980,198248,69,6,2,690,9,2,490,51808,7,13
981,192756,74,11,22,4831,3,5,42,159149,5,11
982,102542,52,7,12,1040,6,6,86,221850,7,5
983,222892,51,12,3,1790,1,7,588,77684,9,13
984,154674,79,23,7,2069,7,1,780,118447,4,14
985,96956,24,2,7,3308,9,6,197,72278,9,5
986,196466,28,13,14,2459,9,1,705,164226,1,4
987,57014,62,12,14,3223,6,6,625,98605,8,12
988,194590,78,23,1,4864,5,7,373,100748,2,8
989,181913,55,22,11,1691,3,6,945,237130,5,6
990,258441,35,7,17,3284,7,1,692,181031,8,11
991,93087,13,9,17,4507,6,8,243,218365,6,7
992,110854,5,13,7,909,3,2,94,124915,5,9
993,53197,60,5,4,3012,5,1,862,223009,2,8
994,213131,21,2,15,4170,2,5,587,139004,7,9
995,61113,61,8,4,4786,1,1,837,149515,1,5
996,167629,91,21,20,2524,1,2,38,101184,6,9
997,190502,80,10,4,2750,8,3,488,28634,1,9
998,246215,8,17,14,3181,6,7,969,175441,2,13
999,108419,40,16,12,3442,2,9,581,191699,7,13
